{"Camera_Matrix": [[12674.550792332693, 0.0, 1999.0442097790103], [0.0, 12543.16431424111, 1338.5970185618678], [0.0, 0.0, 1.0]], "Distortion_Coefficients": [[-2.849624786017435, 29.52812763399248, -0.07143707920151451, -0.008588869469575404, -197.05608609908106]], "PPMMx": 7.9830780029296875, "PPMMy": 7.96350791237571}