{"Camera_Matrix": [[6814.9352991671885, 0.0, 1225.940773506808], [0.0, 6810.016004997234, 680.0764606605844], [0.0, 0.0, 1.0]], "Distortion_Coefficients": [[3.2661994737236157, -75.16149810098838, 0.0431136491667951, 0.09148675245523165, 1253.2366891706022]], "PPMMx": 4.642978668212891, "PPMMy": 4.623918533325195}