{"Camera_Matrix": [[4008.2776217051737, 0.0, 1895.9389474306138], [0.0, 3982.6275810325906, 1005.8360377057498], [0.0, 0.0, 1.0]], "Distortion_Coefficients": [[-0.24765608067338293, 0.18052893565069678, 0.0006518346105703104, 0.0009304951421012203, 0.27240210036851664]], "PPMMx": 7.851941195401278, "PPMMy": 7.914670077237216}