{"Camera_Matrix": [[6216.739740567115, 0.0, 1822.8028668739264], [0.0, 6176.41611692727, 734.2921486266789], [0.0, 0.0, 1.0]], "Distortion_Coefficients": [[-0.6123673561979891, 2.7366759974812442, 0.017189229760733477, 0.008838774666882352, -11.778405327232594]], "PPMMx": 8.100679570978338, "PPMMy": 8.110518022017045}