{"Camera_Matrix": [[12690.982443494342, 0.0, 1944.1395801562771], [0.0, 12454.61959600525, 1567.1504871147245], [0.0, 0.0, 1.0]], "Distortion_Coefficients": [[-2.322591301786116, 11.29360417999893, -0.09506980894267242, 0.010399046598375164, 109.67997088704598]], "PPMMx": 7.843854037198153, "PPMMy": 7.860611655495384}
